"link";"phones";"emails";"error"
"vladlen37.ru";"";"elena@vladlen37.ru,847-71-31elena@vladlen37.ru";""
"постель.рф";"+7(495)640-98-87";"info@postelrf.com";""
"eltatex.ru";"+7 (4932) 46-04-02";"";""
"pledi-optom.ru";"+7 800 555-45-11";"";""
"postelka37.com";"8 (910) 686-86-87, 8(910) 692-06-91";"login@mail.com,postelka37@bk.ru";""
"текстильныйрай.рф";"";"textilerai@yandex.ru";""
"ivanovotextil.ru";"(495) 660 54 92, (495) 660-54-92, (915) 257-53-48";"info@ivanovotextil.ru";""
"opt.ros-decor.ru";"8 (800) 775-45-21";"sale@ros-decor.ru";""
"milanika.net";"(4932) 583-668";"znaktex@inbox.ru";""
"meloditex.ru";"8-800-200-87-44, 8 (4932) 59-15-44";"";""
"td-modex.ru";"+7 (343) 271 00 55";"td-modex@mail.ru";""
"texdom37.ru";"8 (964) 493-88-13";"";""
"damask-opt.ru";"";"damask-tex@yandex.ru";""
"serenadatex.ru";"8(905) 156-50-60";"elena.s75@bk.ru";""
"paters-shop.ru";"";"";""
"europetextiles.ru";"129-110-101 150, 8 (495) 787-05-32, 8 (903) 725-62-87, 8 (903) 725-58-52, 8(499) 951-17-30";"info@europetextiles.ru";""
"rastl.ru";"8-800-77-55-33-9";"";""
"helga.ru";"8(800)700-7303, 37-235-239-32";"";""
"photoshtori.ru";"";"";""
"rd-tex.com";"+7 (963)151-11-11";"mail@rd-tex.com.,rd-tex@mail.ru";""
"ivtexgroup.ru";"+7 930-345-20-06";"ivtexgroup@mail.ru";""
"vasylisa.ru";"+7 (495) 734-93-98";"";""
"paters.ru";"8 800 100 60 86";"";""
"ткани-дешево.рф";"+7 (926) 782-50-50";"";""
"odeyalaoptom.ru";"8-495-230-02-15, 8-929-939-59-34, 8-929-585-66-36, +7 (929) 939-59-34, +7 (929) 585-66-36";"alvitek@yandex.ru";""
"gaos-textile.ru";"";"";""
"jaferiline.com";"";"";""
"imperiatkani.ru";"8-800-250-88-29, 8543-054-0303520-";"";""
"корпорация-снов-оптом.рф";"8(800)505-10-86";"renat@mail.ru";""
"polotenca.net.ua";"(095) 435 02 50";"";""
"postel-deluxe.ru";"8 (800) 700-23-99";"info@postel-delux.ru";""
"levtex.ru";"8-902-316-14-46";"levtex@yandex.ru";""
"optom-kpb.ru";"+7 (920) 353-41-32";"almaz-textil@yandex.ru";""
"tdtextil.ru";"";"";""
"top3.ru";"(499) 165 66 45";"";""
"tex-t.ru";"+7 (910) 668-88-78, +7 (902) 315-77-88";"sales@tex-t.ru";""
"textile-city.ru";"8 (800) 555-20-71";"";""
"almok.ru";"8 (915) 823 88 39, (555) 555-55-55";"sale@almok.ru";""
"хлопковый-рай21.рф";"";"";""
"karnatextile.ru";"";"";""
"tkani-nitki.ru";"(3812) 775-775, +7-965-053-70-27";"tkani@omtexn.ru";""
"iv-textil.ru";"(4932) 388-990";"iv-textile@mail.ru";""
"gobelenplus.ru";"+7 (4932) 93-97-14";"aleksandr-pritkov@yandex.ru,info@gobelenplus.ru";""
"textileoptom.ru";"+7 (4932) 49-00-56";"textileoptom@mail.ru";""
"elena-textile.ru";"+7 (4932) 41-30-40, +7 (960) 500-12-57";"elena-kortex@mail.ru";""
"ivradost.ru";"+7 (915) 827-64-28";"ivradost@mail.ru";""
"steli-posteli.ru";"+7 (343) 380-10-30, (343)380-10-30, (982)670-72-32";"";""
"gizatekstil.com";"";"info@gizatekstil.com";""
"lansaro.ru";"";"info@lansaro.ru";""
"belio-company.ru";"8 (4932) 58-50-05";"";""
"optom7.com";"097 044 03 04, 050 723 65 55";"admin@optom7.com";""
"mona-liza.com";"";"";""
"studio-tex.ru";"+7 (906) 512-74-53, +7 (905) 157-86-79";"";""
"cotraj.ru";"8 (495) 933-95-75";"";""
"kpb-iv.ru";"+7 910 998 27 42";"kpb-iv@ya.ru";""
"barolehome.com";"8 (983) 321-74-77";"info@barolehome.com";""
"textilena.ru";"";"info@textilena.ru";""
"raduga-teks.ru";"+7 (4932) 26-17-50, 8(920)679-00-48";"raduga-teks@bk.ru";""
"nega-teks.ru";"+7 (4932) 55-32-32";"";""
"familytex.ru";"(383) 216-45-44";"";""
"текстильнаякомпания.рф";"+7(499) 243 83 77";"";""
"decoliving.pl";"";"";""
"varvara37.ru";"+7 (930) 353-58-09";"";""
"textile-dom.ru";"";"";""
"partner-tehnika.com";"";"partnertehnika@mail.ru";""
"tex-optom.ru";"+7(912)087-90-76";"info@tex-optom.ru";""
"textile-optom.com";"+7 (906) 617-25-05";"info@textile-optom.ru";""
"polotenca.org";"";"info@polotenca.org,Rating@Mail.ru";""
"sonikids.ru";"8(499) 258-09-09";"sonikids@mail.ru";""
"galatex66.ru";"+7 (343) 214-98-30";"galatex66@gmail.com";""
"trimkomi.ru";"8(904)100-34-45";"";""
"bilgetekstil.ru";"";"";""
"monolittex.ru";"7(495) 777-84-40, 7 (495) 508-84-40";"";""
"moka.com.ua";"";"";""
"postelka37.ru";"8-800-700-37-45";"";""
"goodcost.ru";"";"info@goodcost.ru";""
"woolsocks.org";"";"";""
"tdvopt.ru";"+7 (423) 233-87-79";"oleg_smm@mail.ru";""
"opt.fototende.com";"+7 (812) 949-97-98";"opt@fototende.ru,info@fototende.com";""
"texstilstore.ru";"+7 (926) 280 80 10";"texstilstore@mail.ru";""
"rusmoda-shop.com";"Не найден";"Не найден";"Сайт не доступен!"
"fabrica-nadejda.ru";"8-905-902-9662, 8-905-902-9663, 8(383)214-02-35, 8-383-214-02-35";"tf_nadejda@mail.ru";""
"kraspostel.ru";"8(391)24-24-834";"";""
"xn--e1aaskdbgffke1j.xn--p1ai";"+7 (906) 338-0-555, 8-906-338-0-555";"svetlanalap0607@mail.ru";""
"tomdom.ru";"8-800-707-05-81";"info@TomDom.ru";""
"intertekstile.ru";"+7 (4932) 37-42-44";"opt.intertex@yandex.ru";""
"skazka2.ru";"(343) 268-21-29";"skazkasklad@mail.ru";""
"mona-liza.net";"8 (800) 775 68 05";"";""
"arloni.ru";"8 (495) 644 47 33";"shop@arloni.ru";""
"iris-textil.ru";"8 906 033 87 99";"info@iris-textil.ru.,info@iris-textil.ru";""
"famdyn.ru";"8800-775-42-10";"info@kleo24.com.,info@famdyn.ru";""
"teksdom37.ru";"(4932) 374-330";"";""
"alteks-plus.ru";"8(495)532-30-50, 8(927)012-50-99";"zakaz@alteksplus.com,alteksplus@yandex.ru,alteks.sv@mail.ru,altexhome@mail.ru";""
"imatex37.ru";"8 (4932) 26-20-55";"";""
"kpb-optom.com";"8-905-108-77-77";"info@kpb-optom.com";""
"malka-optom.ru";"";"";""
"best-textile.ru";"";"";""
"текстиль-из-иваново.рф";"Не найден";"Не найден";"Сайт не доступен!"
"идеал-трикотаж.рф";"+7-965-45-79-755";"idealtrikotaj@nm.ru";""
"opt.mir-lent.com";"095 032 21 44, 067 758 18 48";"";""
"danya-baby.ru";"8(495)133-58-90";"";""
"tr-design.ru";"34-50-92 49-28-12, (4932) 34-62-44";"trade-design07@mail.ru";""
"xn--80abmkcli6behdcm9j5a.xn--p1ai";"(383) 214-24-77, 8-913-912-24-77";"2142477@mail.ru";""
"clasco.ru";"8 (980) 689-15-50";"clasco37@mail.ru,info@clasco.ru";""
"at-home24.ru";"8 (908) 040-85-61";"zakaz@at-home24.ru";""
"fetroptom.ru";"";"info@fetroptom.ru";""
"pr-textil.ru";"(383) 23-353-23, (383) 33-540-33";"23-353-23textildom@inbox.ru,c7.wholesale@gmail.comC";""
"textil-opt.ru";"8 (343) 376-24-14, 135-1591 224";"3762414@mail.ru";""
"samara.donskoytextil.ru";"8(986) 950-32-70";"";""
"dommio.ru";"+7 (999) 999-99-99, 8 800 500-99-44, 7 812 245-69-09, +7 495 991-99-44, 8 800 250-70-21";"sales@dommio.ru";""
"littlestar-ltd.ru";"+7 (999) 999-99-99, 8-800-302-32-35, +7 (963) 641-73-33, +7(963)809-12-97, +7(911)022-20-01, +7(919)123-09-12";"";""
"tdvesta.ru";"+7(800) 550-42-88, 8 800 550 42 88";"";""
"sofidemarko.ru";"8-800-550-40-58";"sofidemarko@gmail.com";""
"tavro-kozha.ru";"";"";""
"msk.texrio.ru";"8 800 770 05 77, 8 800 1000 108, 8-963-151-1199, 8-800-770-0577, 8-962-160-2002, 8-909-247-4774";"";""
"волга-пластик.рф";"+7 (8452) 488-722";"";""
"tkani173.ru";"+7 (927) 270-65-03";"";""
"купиткань.рф";"8 (495) 776-01-28, 8(495)776-01-28";"shop@tkani-info.ru";""
"omitex.ru";"8(980) 733-86-89";"olgais83@mail.ru";""
"gobelenglaw.ru";"";"";""
"jotex.no";"";"info@jotex.no";""
"odin-metr.ru";"8-800-000-000, +7(965)227-65-43";"john_smith@example.com,hello@odin-metr.ru";""
"turkbuy.ru";"";"turkbuy@mail.ru";""
"altatex.ru";"+7 (383) 214-62-27, +7 (383) 230-32-34";"avandre@ngs.ru";""
"bio-textiles.ru";"8-804-333-94-34";"info@bio-textiles.ru";""
"fitexgroup.com";"+7 (499) 550-00-65, (925)111-27-27";"online@fitexgroup.com";""
"textilbest.ru";"";"info@textilbest.ru";""
"tigo-tex.ru";"(495)104-43-79, (800) 707-72-79-, (4932) 92-93-93, (903) 888-34-64, (905) 108-17-97";"tigo-tex@mail.ru,tigotexivanovo@mail.ru";""
"ilovefabric.ru";"";"";""
"ivpostel.ru";"8-800-775-50-82";"";""
"vitotex.ru";"+7(980)687-3242";"vitotex@bk.ru";""
"spb.star-tex.ru";"";"407-18-12hello@star-tex.ru,2ae84f1934c149719314a70241551e17@sentry.star-tex.ru";""
"hlopokdom.ru";"+7 (903) 063 88 17, 48505254565860-, +7(903)063 88 17";"";""
"xn--36-6kctzfthtk6i.xn--p1ai";"+7 (906) 678-29-69";"";""
"ivtexline.ru";"+7 (910) 990-14-55";"";""
"loskutok54.ru";"+7 913 927 4294";"julya.ermolenko@yandex.ru";""
"texpostel.ru";"910 988 31 68";"";""
"krovatky.ru";"+7 (968) 404-81-26";"";""
"smoon.ru";"8(498)645-00-54, 8(929)974-73-05, 8(929)657-52-37";"smoonteks@mail.ru";""
"lakshmi4.ru";"8-800-707-47-44";"";""
"tekstill.com";"+90 535 085 16 33";"";""
"sklep.mariall.pl";"";"mariall@mariall.pl,mariall@mariall.plO,mariall@mariall.plBiuro";""
"ivtextil-shop.ru";"";"ivtextil-shop@list.ru";""
"omsk.star-tex.ru";"8 800 505-05-12, 18 800 505-05-12";"505-05-12hello@star-tex.ru,2ae84f1934c149719314a70241551e17@sentry.star-tex.ru";""
"makosh-tkani.ru";"+7 (915) 108-15-15, +7 499 136 77 96";"info@makosh-tkani.ru,ig-badge-view-sprite-24@2x.png";""
"fabrikasontex.ru";"8 (961) 248-97-96, 8(4932) 500-277, 8(961)248-97-95";"lobanovt@mail.ru,fabrikasontex@mail.ru";""
"mytkani.ru";"+7 (495) 664-57-93";"";""
"moskva.star-tex.ru";"+7 (495) 120-14-46";"120-14-46hello@star-tex.ru,2ae84f1934c149719314a70241551e17@sentry.star-tex.ru";""
"milanika-shop.ru";"Не найден";"Не найден";"Сайт не доступен!"
"shik-teks.ru";"+7 (963) 215 2155";"shik-teks@mail.ru,shik-teks@mail.ru.";""
"simteks.ru";"+7 495 504 06 62";"";""
"vilenatex.ru";"+7 (495) 664-45-40, +7 (495) 101-4-101";"info@vilenatex.ru";""
"cottontextile.ru";"+7(927)116-00-86";"opt@cottontextile.ru";""
"ivtex.ru";"8(4932) 93-98-98";"";""
"Stencom.ru";"8 (800) 555-84-58, +7(812) 431-9889, +7 (909) 483-98-62";"info@stencom.ru,info.spb@stencom.ru,v.voronyuk@stencom.ru,info@stencom05.ru";""
"opt.patchy.ru";"8-920-276-276-6";"info@patchy.ru";""
"magnateks.ru";"+7 905 157 3029, +7 905 155 2300";"admin@magnateks.ru";""
"narodnilen.ru";"8 (800) 200-13-85, 8 (930) 777-76-02";"narodnilen@mail.ru,admin@narodnilen.ru";""
"nata-tex.ru";"8 (915) 995-72-46";"";""
"textilpaulconte.com";"";"info@textilpaulconte.com,...textilpaulconte.comUSAbogacheva.fin@gmail.com";""
"trikatushki.ru";"8(499)643-50-20";"info@trikatushki.ru";""
"zahlop.com";"8 (981) 797-39-00, 8 (800) 100-82-21, +7 (916) 606-17-06";"zahlopcom@gmail.com";""
"r-teks-postel.ru";"";"";""
"omsk-art-dtex.ru";"+7(3812) 340-310, +7(904) 075-53-02";"";""
"vibor-37.ru";"+7(902) 316-20-47, +7 (902) 316-20-47";"vibor37@gmail.com";""
"gobelen-mtok.ru";"+7 (495) 640-74-90";"";""
"spec-zakaz-iv.ru";"";"";""
"tekstilufa.ru";"+7 (347) 274 22 25, +7 927 94 99 266";"";""
"domtextile-shop.com.ua";"066 065-53-15, +38066 41 98 496, +38096 66 89 611, +38 (066) 06-55-315";"domtextile-shop@mail.ru";""
"vintagevrn.ru";"+7 (473) 202-13-47";"";""
"saway.su";"";"";""
"algo-textile.ru";"";"info@algo-textile.ru";""
"len37.ru";"8 910-689-71-11, 8 915-834-09-88, 8 963-216-44-81";"rus@len37.ru";""
"tkani-dlya-vas.umi.ru";"+7 (999)980-01-87";"980-01-87tkani-dlya-vas@mail.ru.";""
"pobeda-ekb.ru";"+7(343) 211 84 34, +7(343)211 84 35";"";""
"dolinasnov.ru";"(812) 981-02-81";"";""
"postbele.ru";"";"";""
"voronezh.star-tex.ru";"8 800 505-05-12";"505-05-12hello@star-tex.ru,2ae84f1934c149719314a70241551e17@sentry.star-tex.ru";""
"glazki-zakryvai.ru";"+7 (499) 653-87-37-, +7 (967) 217-96-14-";"glazkizakryvai@yandex.ru";""
"interier-nabor.ru";"8 (495) 204-28-64";"";""
"planeta-teks.ru";"8-910-668-70-84";"";""
"iv-kpb.ru";"+7 (961) 115-61-51";"info@iv-kpb.ru";""
"ooomorfei.ru";"8 910 668 00 65, 8 800 250 88 36, 8(910) 667-84-29";"";""
"krasnodar.ivbaby.ru";"8-800-505-02-01";"mail@ivbaby.ru";""
"arabellatex.ru";"+7 (495) 565-37-98";"info@arabella.ru,info@arabellatex.ru";""
"proxim.su";"+7 (4932) 34-52-49";"";""
"timur1.storeland.ru";"+7 800 555-45-11";"";""
"roznica.textil-opt.ru";"+7(922) 2228766";"";""
"madotextil.ru";"8-800-250-55-79";"";""
"vn-74.ru";"8 351 750-12-10, +7-952-529-78-45, +7-351-750-12-10";"vn74adm@yandex.ru";""
"eudoratex.com";"8 (495) 922-00-80";"eudoratex@yandex.ru";""
"kpbdarom.ru";"";"spb@kpbdarom.ru";""
"magfenix.ru";"+7 800 555-45-11";"";""
"maliteks.ru";"7 (4932) 500-582, 8-980-694-49-35, 8-800-250-35-20, +7-980-694-49-35";"info@maliteks.ru,info@MaliTeks.ru,info@MaLiTeks.ru.";""
"satin-spb.ru";"";"zakaz@satin-spb.ru";""
"mega-textile.ru";"+7 980 68 68 68 1";"info@mega-textile.ru.";""
"son4you.ru";"(555) 555-55-55";"";""
"selim-tekstil.com";"+38(063)978-21-31";"";""
"textil-ivanovo37.ru";"+7 (920) 356-27-06, 8-920-356-27-06";"textil-ivanovo37@mail.ru,company@textil-ivanovo37.ru";""
"bivik.ru";"(499) 398-16-21";"";""
"buzoli.ru";"+7 920 713-44-74";"Info@buzoli.ru";""
"artpostel-msk.ru";"8 (495) 652-26-50";"";""
"mio-toys.com.ua";"(067) 258-65-59, (095) 927-47-87";"";""
"fatinspb.ru";"+7-950-038-03-79";"tdovibor@yandex.ru";""
"yar.texrio.ru";"8 800 7000 292, 8-963-151-1199, 8-800-7000-292, 8-965-726-1515";"";""
"cherir.ru";"+7 (495) 672-76-32";"";""
"familygrass.ru";"+7 (495) 960-00-93";"info@familygrass.ru";""
"dream-tex.ru";"";"";""
"vif-textil.ru";"+7 (4932) 58-53-95";"info@vif-textil.ru";""
"spb.texrio.ru";"8 8001000 108, 8-800-1000-108, 8-963-151-1199, 8-800-2000-409, 8-964-491-4455";"";""
"artpostel.su";"+7 996 918 87 86, +7 999 730 44 76";"";""
"jasmine-tex.ru";"17891050 835, 17581050 835, 17561050 835, 02791050 835, 02811050 835, 02841050 835, 02861050 835, 1033351050 835, 1033371050 835, 103381050 835, 1033311050 835, 1033391050 835, 1033361050 835, 1033331050 835, 02881050 835, 6381050 835, (2884)1050 835, (2882)1050 835, (2862)1050 835, (2776)1050 835, (6703)1050 835, 02831050 835, 6751050 835, 02921050 835, 6861050 835, 707591050 835, 02801050 835, 8 (962) 162-43-53, 8 (4932) 47-74-17";"zakaz-jasmin@yandex.ru";""
"emulet.ru";"+7 (9377) 336797";"info@emulet.ru";""
"smartex37.ru";"+7 4932 77-32-88";"";""
"eurotex-ekb.ru";"+7(343)271-41-41";"eurotex-ekb@mail.ru";""
"sale-rim.ru";"";"";""
"foxtex.ru";"+7 (905) 156-92-26";"foxtexltd@yandex.ru";""
"sur.texrio.ru";"8 8001000 108, 8 800 2000 409, 8-800-1000-108, 8-800-2000-409, 8-962-160-2002, 8-964-491-4455";"";""
"bradexshop.ru";"8 800 707 08 59, 8 495 003 19 25";"order@bradexshop.ru";""
"ampirtex37.ru";"+7(930)330-24-54";"330-24-54ampirtex37@yandex.ru,ampirtex37@yandex.ru";""
"chelyabinsk.star-tex.ru";"8 800 505-05-12";"505-05-12hello@star-tex.ru,2ae84f1934c149719314a70241551e17@sentry.star-tex.ru";""
"kameya-opt.ru";"+7 (925) 293-39-44";"kameya-opt@mail.ru";""
"medegda.com";"8 (495) 961-77-34";"";""
"podushka.com.ua";"Не найден";"Не найден";"Сайт не доступен!"